{
  "timestamp": "2025-12-31T22:52:22.983318",
  "articles_count": 2,
  "vectors_inserted": 0,
  "progress_percent": 0.06666666666666667,
  "runtime_hours": 0.04259464502334595,
  "status": "RUNNING"
}