{
  "timestamp": "2026-01-01T02:16:14.123723",
  "articles_count": 28,
  "vectors_inserted": 0,
  "progress_percent": 0.9333333333333335,
  "runtime_hours": 0.4058687299489975,
  "status": "RUNNING"
}